email;turma;nome
ana.souza@aluno.ifpi.edu.br;2º ano Informática;Ana Souza
bruno.lima@estudante.ifpi.edu.br;1º ano Informática;Bruno Lima
carla.mendes@estudante.ifpi.edu.br;2º ano Informática;Carla Mendes
diego.rocha@estudante.ifpi.edu.br;2º ano Informática;Diego Rocha
elena.dias@estudante.ifpi.edu.br;3º ano Informática;Elena Dias
felipe.alves@estudante.ifpi.edu.br;1º ano Administração;Felipe Alves
gabriela.nunes@estudante.ifpi.edu.br;1º ano Agropecuária;Gabriela Nunes
henrique.castro@estudante.ifpi.edu.br;1º ano Mineração;Henrique Castro
capau.2025120tads0011@aluno.ifpi.edu.br;4° modulo Análise e Desenvolvimento de Sistemas;Felipe Pereira Coelho
